year,CO
2013.0,1136.3329443147716
2014.0,1186.8134617790568
2015.0,1402.3410965550704
2016.0,1196.857177526999
2017.0,1681.7027632561612
