year,CO
2013.0,878.0278076785073
2014.0,883.7121212121212
2015.0,966.1023011803983
2016.0,884.0440517351774
2017.0,1154.4378698224853
