year,CO
2013.0,1340.712068211631
2014.0,1306.6473988439307
2015.0,1339.2117880949597
2016.0,1246.965667311412
2017.0,1576.8246802106846
