year,CO
2013.0,1320.5162673765158
2014.0,1316.5592783505156
2015.0,1289.4867844020387
2016.0,1203.7539469067945
2017.0,1720.2550637659415
