year,PM10
2013.0,107.10154755694661
2014.0,116.1614026543285
2015.0,106.69434579439252
2016.0,105.17673590504451
2017.0,111.45662100456622
