year,CO
2013.0,1042.1418315252074
2014.0,1192.50149970006
2015.0,1161.4835430784124
2016.0,1121.9411277928832
2017.0,1534.0221402214022
