year,PM10
2013.0,104.47231807951988
2014.0,125.77520810712993
2015.0,107.23488261797486
2016.0,97.06273854961832
2017.0,117.88375558867362
