year,CO
2013.0,1171.9911111111112
2014.0,1286.847170537662
2015.0,1369.106843665421
2016.0,1235.7956589519126
2017.0,1741.0275502606105
