year,PM10
2013.0,79.87674919268031
2014.0,91.31323313782991
2015.0,85.38546560152618
2016.0,80.78576002048918
2017.0,78.92233727810651
