year,PM10
2013.0,113.75913001136179
2014.0,133.69675595969525
2015.0,116.2085868263473
2016.0,110.74835448989187
2017.0,125.65404602821084
