year,PM10
2013.0,111.80738959335373
2014.0,114.78512874408828
2015.0,111.7751491053678
2016.0,103.5541586073501
2017.0,127.71407072987209
