year,PM10
2013.0,111.10374256185406
2014.0,125.92136170212765
2015.0,110.53849815542068
2016.0,99.16751329001772
2017.0,119.34212567882079
