year,PM10
2013.0,98.43369760234872
2014.0,100.19858560794044
2015.0,90.4612310349081
2016.0,82.56946508172362
2017.0,91.83658170914542
