year,CO
2013.0,1406.2694957720012
2014.0,1408.5227963525836
2015.0,1359.109841723194
2016.0,1235.5463673951565
2017.0,1708.611326609775
