year,PM10
2013.0,98.9282017031224
2014.0,110.99483519335583
2015.0,99.28914457228615
2016.0,86.73410004156852
2017.0,103.43157076205287
