year,CO
2013.0,1248.5378193354484
2014.0,1189.449779392681
2015.0,1181.678339169585
2016.0,1108.2859914091728
2017.0,1707.542768273717
