year,PM10
2013.0,112.37362454151383
2014.0,121.7187914425122
2015.0,109.54831392527899
2016.0,94.28188326659387
2017.0,108.0403286034354
