year,CO
2013.0,1025.7192953841136
2014.0,1064.454094292804
2015.0,1056.6917478722091
2016.0,934.5344229816741
2017.0,1314.2428785607196
