year,CO
2013.0,1307.2546136534133
2014.0,1337.447219206177
2015.0,1388.475219350249
2016.0,1213.2991412213742
2017.0,1703.8748137108794
