year,PM10
2013.0,90.42262284620294
2014.0,106.12231553689263
2015.0,93.49760406582769
2016.0,85.56401465894314
2017.0,93.79261992619927
