year,PM10
2013.0,109.2162082224194
2014.0,112.8657087628866
2015.0,101.99621903520209
2016.0,97.25377148871478
2017.0,121.99474868717179
