year,PM10
2013.0,109.04675925925926
2014.0,129.4203644296163
2015.0,104.99884005670833
2016.0,92.96342487108765
2017.0,107.66939687267312
