year,CO
2013.0,1154.5633802816901
2014.0,1357.141117740168
2015.0,1317.3831775700935
2016.0,1177.994065281899
2017.0,1406.468797564688
