year,CO
2013.0,1293.924200616783
2014.0,1426.2718112558368
2015.0,1326.6706586826347
2016.0,1175.5876821814763
2017.0,1800.965107646622
